{
    "AgencyID": {
        "type": "varchar(30)"
    },
    "LastName": {
        "type": "varchar(30)"
    },
    "FirstName": {
        "type": "varchar(30)"
    },
    "MiddleInitial": {
        "type": "varchar(1)"
    },
    "Gender": {
        "type": "varchar(1)"
    },
    "AddressLine1": {
        "type": "varchar(80)"
    },
    "AddressLine2": {
        "type": "varchar(80)"
    },
    "PostalCode": {
        "type": "varchar(12)"
    },
    "City": {
        "type": "varchar(25)"
    },
    "State": {
        "type": "varchar(20)"
    },
    "Country": {
        "type": "varchar(24)"
    },
    "Phone": {
        "type": "varchar(30)"
    },
    "Income": {
        "type": "numeric(9)"
    },
    "NumberCars": {
        "type": "numeric(2)"
    },
    "NumberChildren": {
        "type": "numeric(2)"
    },
    "MaritalStatus": {
        "type": "varchar(1)"
    },
    "Age": {
        "type": "numeric(3)"
    },
    "CreditRating": {
        "type": "numeric(4)"
    },
    "OwnOrRentFlag": {
        "type": "varchar(1)"
    },
    "Employer": {
        "type": "varchar(30)"
    },
    "NumberCreditCards": {
        "type": "numeric(2)"
    },
    "NetWorth": {
        "type": "numeric(12)"
    }
}