sourceName,targName,ComaInstResult,ComaInstAdjusted,ComaOptResult,ComaOptAdjusted,CupidResult,CupidAdjusted,DistributionBasedResult,DistributionBasedAdjusted,JaccardLevenMatcherResult,JaccardLevenMatcherAdjusted,SimilarityFloodingResult,SimilarityFloodingAdjusted,SmatResult,groundtruth
AgencyID,AgencyID,0.76842105,1.0,0.9583333,1.0,1.0,1.0,0.0,0.0,0.6666963332146671,0.0,0.1036498837218047,0.0,0,1
AgencyID,LastName,0.0,0.0,0.0,0.0,0.6799999999999999,1.0,0.0,0.0,0.6666963332146671,0.0,0.0463615032425194,0.0,0,0
AgencyID,FirstName,0.0,0.0,0.0,0.0,0.655952380952381,1.0,0.0,0.0,0.6666963332146671,0.0,0.0458800882805086,0.0,0,0
AgencyID,MiddleInitial,0.0,0.0,0.0,0.0,0.5858823529411765,1.0,0.0,0.0,0.004627981488074,0.0,0.0506483888566155,0.0,0,0
AgencyID,Gender,0.0,0.0,0.0,0.0,0.5377777777777778,1.0,0.0,0.0,0.0035599857600569,0.0,0.0568838588407554,0.0,0,0
AgencyID,AddressLine1,0.0,0.0,0.0,0.0,0.6369747899159665,1.0,0.0,0.0,0.6302954788180847,1.0,0.0578191793383764,0.0,0,0
AgencyID,AddressLine2,0.0,0.0,0.0,0.0,0.6369747899159665,1.0,0.0,0.0,0.6333214667141331,0.0,0.0578191793383764,0.0,0,0
AgencyID,PostalCode,0.0,0.0,0.0,0.0,0.5146153846153847,1.0,0.0,0.0,0.6368814524741901,0.0,0.0454521638698323,0.0,0,0
AgencyID,City,0.0,0.0,0.0,0.0,0.7570370370370372,1.0,0.0,0.0,0.0242079031683873,0.0,0.0490895213605806,0.0,0,0
AgencyID,State,0.0,0.0,0.0,0.0,0.9111111111111112,1.0,0.0,0.0,0.0054289782840868,0.0,0.0482501311704079,0.0,0,0
AgencyID,Country,0.0,0.0,0.0,0.0,0.8148148148148149,1.0,0.0,0.0,0.0001779992880028,0.0,0.0556367648439275,0.0,0,0
AgencyID,Phone,0.0,0.0,0.0,0.0,0.4781499202551834,1.0,0.0,0.0,0.6330544677821289,1.0,0.0482501311704079,0.0,0,0
AgencyID,Income,0.0,0.0,0.0,0.0,0.0333333333333333,1.0,0.0,0.0,0.6274474902100392,0.0,0.0564367838697235,0.0,0,0
AgencyID,NumberCars,0.0,0.0,0.0,0.0,0.0333333333333333,1.0,0.0,0.0,0.0005339978640085,0.0,0.0450050888988003,0.0,0,0
AgencyID,NumberChildren,0.0,0.0,0.0,0.0,0.0333333333333333,1.0,0.0,0.0,0.0005339978640085,0.0,0.0496344529779345,0.0,0,0
AgencyID,MaritalStatus,0.0,0.0,0.0,0.0,0.6315384615384616,1.0,0.0,0.0,0.0004449982200071,0.0,0.0381774488883357,0.0,0,0
AgencyID,Age,0.0,0.0,0.0,0.0,0.0333333333333333,1.0,0.0,0.0,0.0089889640441438,0.0,0.0734426110991959,0.0,0,0
AgencyID,CreditRating,0.0,0.0,0.0,0.0,0.0333333333333333,1.0,0.0,0.0,0.0490388038447846,0.0,0.0508248608839976,0.0,0,0
AgencyID,OwnOrRentFlag,0.0,0.0,0.0,0.0,0.6020541549953315,1.0,0.0,0.0,0.0002669989320042,0.0,0.0506483888566155,0.0,0,0
AgencyID,Employer,0.0,0.0,0.0,0.0,0.4262626262626263,1.0,0.0,0.0,0.0889106443574225,0.0,0.0463615032425194,0.0,0,0
AgencyID,NumberCreditCards,0.0,0.0,0.0,0.0,0.0333333333333333,1.0,0.0,0.0,0.0009789960840156,0.0,0.0429681687039813,0.0,0,0
AgencyID,NetWorth,0.0,0.0,0.0,0.0,0.0333333333333333,1.0,0.0,0.0,0.6284264862940548,0.0,0.0459144282714874,0.0,0,0
LastName,AgencyID,0.0,0.0,0.0,0.0,0.6799999999999999,1.0,0.0,0.0,0.6864290295977274,0.0,0.0463615032425194,0.0,0,0
LastName,LastName,0.76842105,1.0,0.9583333,1.0,1.0,1.0,0.0,0.0,0.6864290295977274,0.0,0.1036498837218047,0.0,0,1
LastName,FirstName,0.0,0.0,0.0,0.0,0.9428571428571428,1.0,0.0,0.0,0.6864290295977274,0.0,0.0843932852413726,0.0,0,0
LastName,MiddleInitial,0.0,0.0,0.0,0.0,0.6909090909090909,1.0,0.0,0.0,0.0047649592229451,0.0,0.0506483888566155,0.0,0,0
LastName,Gender,0.0,0.0,0.0,0.0,0.5285714285714287,1.0,0.0,0.0,0.0036653532484193,0.0,0.0475306538645456,0.0,0,0
LastName,AddressLine1,0.0,0.0,0.0,0.0,0.7079365079365079,1.0,0.0,0.0,0.64895079263264,1.0,0.0512719358550295,0.0,0,0
LastName,AddressLine2,0.0,0.0,0.0,0.0,0.7079365079365079,1.0,0.0,0.0,0.6520663428937964,0.0,0.0512719358550295,0.0,0,0
LastName,PostalCode,0.0,0.0,0.0,0.0,0.5923076923076924,1.0,0.0,0.0,0.6557316961422157,0.0,0.0672763088143219,0.0,0,0
LastName,City,0.0,0.0,0.0,0.0,0.5607843137254902,1.0,0.9839889298357796,0.0,0.0249244020892513,0.0,0.0490895213605806,0.0,0,0
LastName,State,0.0,0.0,0.0,0.0,0.7656565656565657,1.0,0.0,0.0,0.0055896637038394,0.0,0.0683954957345522,0.0,0,0
LastName,Country,0.0,0.0,0.0,0.0,0.5576470588235294,1.0,0.0,0.0,0.0001832676624209,0.0,0.0469071068661316,0.0,0,0
LastName,Phone,0.0,0.0,0.0,0.0,0.8311111111111111,1.0,0.0,0.0,0.651791441400165,1.0,0.0482501311704079,0.0,0,0
LastName,Income,0.0,0.0,0.0,0.0,0.0333333333333333,1.0,0.0,0.0,0.6460185100339045,0.0,0.0564367838697235,0.0,0,0
LastName,NumberCars,0.0,0.0,0.0,0.0,0.0333333333333333,1.0,0.0,0.0,0.0005498029872628,0.0,0.0595545188617934,0.0,0,0
LastName,NumberChildren,0.0,0.0,0.0,0.0,0.0333333333333333,1.0,0.0,0.0,0.0005498029872628,0.0,0.0555864925082499,0.0,0,0
LastName,MaritalStatus,0.0,0.0,0.0,0.0,0.7761904761904763,1.0,0.0,0.0,0.0004581691560524,0.0,0.0568838588407554,0.0,0,0
LastName,Age,0.0,0.0,0.0,0.0,0.0333333333333333,1.0,0.0,0.0,0.0092550169522587,0.0,0.0496344529779345,0.0,0,0
LastName,CreditRating,0.0,0.0,0.0,0.0,0.0333333333333333,1.0,0.0,0.0,0.050490240996976,0.0,0.0508248608839976,0.0,0,0
LastName,OwnOrRentFlag,0.0,0.0,0.0,0.0,0.6780284043441938,1.0,0.0,0.0,0.0002749014936314,0.0,0.0506483888566155,0.0,0,0
LastName,Employer,0.0,0.0,0.0,0.0,0.6553606237816765,1.0,0.9516878475221928,1.0,0.0915421973792724,0.0,0.054545557596703,0.0,0,0
LastName,NumberCreditCards,0.0,0.0,0.0,0.0,0.0333333333333333,1.0,0.0,0.0,0.0010079721433153,0.0,0.0534437582773363,0.0,0,0
LastName,NetWorth,0.0,0.0,0.0,0.0,0.0333333333333333,1.0,0.0,0.0,0.6470264821772198,0.0,0.054098482625671,0.0,0,0
FirstName,AgencyID,0.0,0.0,0.0,0.0,0.655952380952381,1.0,0.0,0.0,0.6952204176334107,0.0,0.0458800882805086,0.0,0,0
FirstName,LastName,0.0,0.0,0.0,0.0,0.9428571428571428,1.0,0.0,0.0,0.6952204176334107,0.0,0.0843932852413726,0.0,0,0
FirstName,FirstName,0.77,1.0,0.96052635,1.0,1.0,1.0,0.0,0.0,0.6952204176334107,0.0,0.1036498837218047,0.0,0,1
FirstName,MiddleInitial,0.0,0.0,0.0,0.0,0.7311111111111113,1.0,0.0,0.0,0.0048259860788863,0.0,0.0560335674792818,0.0,0,0
FirstName,Gender,0.0,0.0,0.0,0.0,0.5285714285714287,1.0,0.0,0.0,0.0037122969837587,0.0,0.0469071068661316,0.0,0,0
FirstName,AddressLine1,0.0,0.0,0.0,0.0,0.6805555555555556,1.0,0.0,0.0,0.657262180974478,1.0,0.0568838588407554,0.0,0,0
FirstName,AddressLine2,0.0,0.0,0.0,0.0,0.6805555555555556,1.0,0.0,0.0,0.6604176334106728,0.0,0.0568838588407554,0.0,0,0
FirstName,PostalCode,0.0,0.0,0.0,0.0,0.5923076923076924,1.0,0.0,0.0,0.6641299303944316,0.0,0.065744789870849,0.0,0,0
FirstName,City,0.0,0.0,0.0,0.0,0.5555555555555556,1.0,0.974361668642036,1.0,0.0252436194895591,0.0,0.05832281345248,0.0,0,0
FirstName,State,0.0,0.0,0.0,0.0,0.7656565656565657,1.0,0.0,0.0,0.005661252900232,0.0,0.0662370638169653,0.0,0,0
FirstName,Country,0.0,0.0,0.0,0.0,0.5576470588235294,1.0,0.0,0.0,0.0001856148491879,0.0,0.0463615032425194,0.0,0,0
FirstName,Phone,0.0,0.0,0.0,0.0,0.8222222222222222,1.0,0.0,0.0,0.660139211136891,1.0,0.0475306538645456,0.0,0,0
FirstName,Income,0.0,0.0,0.0,0.0,0.0333333333333333,1.0,0.0,0.0,0.654292343387471,0.0,0.0551896898728955,0.0,0,0
FirstName,NumberCars,0.0,0.0,0.0,0.0,0.0333333333333333,1.0,0.0,0.0,0.0005568445475638,0.0,0.0584058796541887,0.0,0,0
FirstName,NumberChildren,0.0,0.0,0.0,0.0,0.0333333333333333,1.0,0.0,0.0,0.0005568445475638,0.0,0.0548101395260348,0.0,0,0
FirstName,MaritalStatus,0.0,0.0,0.0,0.0,0.7761904761904763,1.0,0.0,0.0,0.0004640371229698,0.0,0.0560335674792818,0.0,0,0
FirstName,Age,0.0,0.0,0.0,0.0,0.0333333333333333,1.0,0.0,0.0,0.0093735498839907,0.0,0.0486424463895486,0.0,0,0
FirstName,CreditRating,0.0,0.0,0.0,0.0,0.0333333333333333,1.0,0.0,0.0,0.0511368909512761,0.0,0.0564367838697235,0.0,0,0
FirstName,OwnOrRentFlag,0.0,0.0,0.0,0.0,0.6542857142857144,1.0,0.0,0.0,0.0002784222737819,0.0,0.0560335674792818,0.0,0,0
FirstName,Employer,0.0,0.0,0.0,0.0,0.6491228070175439,1.0,0.9405023590212,1.0,0.0927146171693735,0.0,0.0535827276726814,0.0,0,0
FirstName,NumberCreditCards,0.0,0.0,0.0,0.0,0.0333333333333333,1.0,0.0,0.0,0.0010208816705336,0.0,0.052839397340412,0.0,0,0
FirstName,NetWorth,0.0,0.0,0.0,0.0,0.0333333333333333,1.0,0.0,0.0,0.6553132250580046,0.0,0.0531356527016494,0.0,0,0
MiddleInitial,AgencyID,0.0,0.0,0.0,0.0,0.5858823529411765,1.0,0.0,0.0,0.0069416633293285,0.0,0.0506483888566155,0.0,0,0
MiddleInitial,LastName,0.0,0.0,0.0,0.0,0.6909090909090909,1.0,0.0,0.0,0.0069416633293285,0.0,0.0506483888566155,0.0,0,0
MiddleInitial,FirstName,0.0,0.0,0.0,0.0,0.7311111111111113,1.0,0.0,0.0,0.0069416633293285,0.0,0.0560335674792818,0.0,0,0
MiddleInitial,MiddleInitial,0.96781576,1.0,0.9673913,1.0,1.0,1.0,0.9913331172425704,1.0,1.0,0.0,0.1036498837218047,0.0,0,1
MiddleInitial,Gender,0.0,0.0,0.0,0.0,0.4444444444444444,1.0,0.8408839759966038,1.0,0.7692307692307693,0.0,0.0519611193795924,0.0,0,0
MiddleInitial,AddressLine1,0.0,0.0,0.0,0.0,0.6012987012987013,1.0,0.0,0.0,0.0073425585992657,0.0,0.0591286280350458,0.0,1,0
MiddleInitial,AddressLine2,0.0,0.0,0.0,0.0,0.6012987012987013,1.0,0.0,0.0,0.0073074761101742,0.0,0.0591286280350458,0.0,0,0
MiddleInitial,PostalCode,0.0,0.0,0.0,0.0,0.5857142857142857,1.0,0.0,0.0,0.0072666294019005,0.0,0.0552572144970668,0.0,0,0
MiddleInitial,City,0.0,0.0,0.0,0.0,0.6222222222222222,1.0,0.0,0.0,0.1911764705882352,0.0,0.0535827276726814,0.0,0,0
MiddleInitial,State,0.0,0.0,0.0,0.0,0.6888888888888889,1.0,0.0,0.0,0.8524590163934426,0.0,0.0527268788513288,0.0,0,0
MiddleInitial,Country,0.0,0.0,0.0,0.0,0.7684981684981687,1.0,0.0,0.0,0.0384615384615384,0.0,0.0512719358550295,0.0,0,0
MiddleInitial,Phone,0.0,0.0,0.0,0.0,0.4711111111111111,1.0,0.0,0.0,0.0073105581329959,0.0,0.0454521638698323,0.0,1,0
MiddleInitial,Income,0.0,0.0,0.0,0.0,0.0333333333333333,1.0,0.0,0.0,0.0073758865248226,0.0,0.0515140444085604,0.0,0,0
MiddleInitial,NumberCars,0.0,0.0,0.0,0.0,0.0333333333333333,1.0,0.0,0.0,0.1153846153846153,0.0,0.0491168843231245,0.0,0,0
MiddleInitial,NumberChildren,0.0,0.0,0.0,0.0,0.0333333333333333,1.0,0.0,0.0,0.1153846153846153,0.0,0.0571296138679612,0.0,0,0
MiddleInitial,MaritalStatus,0.0,0.0,0.0,0.0,0.5800000000000001,1.0,0.0,0.0,0.0961538461538461,0.0,0.0633591545935161,0.0,0,0
MiddleInitial,Age,0.0,0.0,0.0,0.0,0.0333333333333333,1.0,0.0,0.0,0.5148514851485149,0.0,0.0459144282714874,0.0,0,0
MiddleInitial,CreditRating,0.0,0.0,0.0,0.0,0.0333333333333333,1.0,0.0,0.0,0.0943738656987295,0.0,0.0586815530640138,0.0,0,0
MiddleInitial,OwnOrRentFlag,0.0,0.0,0.0,0.0,0.7743589743589745,1.0,0.0,0.0,0.0576923076923076,0.0,0.05832281345248,0.0,0,0
MiddleInitial,Employer,0.0,0.0,0.0,0.0,0.4666666666666667,1.0,0.0,0.0,0.052052052052052,0.0,0.0506483888566155,0.0,0,0
MiddleInitial,NumberCreditCards,0.0,0.0,0.0,0.0,0.0333333333333333,1.0,0.0,0.0,0.2115384615384615,0.0,0.0551896898728955,0.0,0,0
MiddleInitial,NetWorth,0.0,0.0,0.0,0.0,0.0333333333333333,1.0,0.0,0.0,0.0073643959779068,0.0,0.0502013138855836,0.0,0,0
Gender,AgencyID,0.0,0.0,0.0,0.0,0.5377777777777778,1.0,0.0,0.0,0.0062741957015084,0.0,0.0568838588407554,0.0,0,0
Gender,LastName,0.0,0.0,0.0,0.0,0.5285714285714287,1.0,0.0,0.0,0.0062741957015084,0.0,0.0475306538645456,0.0,0,0
Gender,FirstName,0.0,0.0,0.0,0.0,0.5285714285714287,1.0,0.0,0.0,0.0062741957015084,0.0,0.0469071068661316,0.0,0,0
Gender,MiddleInitial,0.0,0.0,0.0,0.0,0.4444444444444444,1.0,0.8994311727897231,1.0,0.903846153846154,0.0,0.0519611193795924,0.0,0,0
Gender,Gender,0.9610421,1.0,0.953125,1.0,1.0,1.0,0.9965587647039676,1.0,0.851063829787234,0.0,0.1036498837218047,0.0,0,1
Gender,AddressLine1,0.0,0.0,0.0,0.0,0.6525252525252525,1.0,0.0,0.0,0.0066365433493363,0.0,0.0600015938328254,0.0,0,0
Gender,AddressLine2,0.0,0.0,0.0,0.0,0.6525252525252525,1.0,0.0,0.0,0.0066048341765036,0.0,0.0600015938328254,0.0,0,0
Gender,PostalCode,0.0,0.0,0.0,0.0,0.4311111111111111,1.0,0.0,0.0,0.0065679150363331,0.0,0.054545557596703,0.0,0,0
Gender,City,0.0,0.0,0.0,0.0,0.5428571428571429,1.0,0.0,0.0,0.1727941176470588,0.0,0.0381774488883357,0.0,0,0
Gender,State,0.0,0.0,0.0,0.0,0.6363636363636364,1.0,0.0,0.0,0.7704918032786885,0.0,0.0500815279489664,0.0,0,0
Gender,Country,0.0,0.0,0.0,0.0,0.6000000000000001,1.0,0.0,0.0,0.0425531914893617,0.0,0.05832281345248,0.0,0,0
Gender,Phone,0.0,0.0,0.0,0.0,0.4461538461538462,1.0,0.0,0.0,0.006607619850977,0.0,0.0619856070095972,0.0,0,0
Gender,Income,0.0,0.0,0.0,0.0,0.0333333333333333,1.0,0.0,0.0,0.0066666666666666,0.0,0.0595545188617934,0.0,0,0
Gender,NumberCars,0.0,0.0,0.0,0.0,0.0333333333333333,1.0,0.0,0.0,0.1276595744680851,0.0,0.054098482625671,0.0,0,0
Gender,NumberChildren,0.0,0.0,0.0,0.0,0.0333333333333333,1.0,0.0,0.0,0.1276595744680851,0.0,0.0573721043673445,0.0,0,0
Gender,MaritalStatus,0.0,0.0,0.0,0.0,0.52,1.0,0.0,0.0,0.1063829787234042,0.0,0.045069284133964,0.0,0,0
Gender,Age,0.0,0.0,0.0,0.0,0.0333333333333333,1.0,0.0,0.0,0.4653465346534653,0.0,0.0522798038802969,0.0,0,0
Gender,CreditRating,0.0,0.0,0.0,0.0,0.0333333333333333,1.0,0.0,0.0,0.0852994555353902,0.0,0.0522798038802969,0.0,0,0
Gender,OwnOrRentFlag,0.0,0.0,0.0,0.0,0.4953846153846154,1.0,0.0,0.0,0.0638297872340425,0.0,0.0519611193795924,0.0,0,0
Gender,Employer,0.0,0.0,0.0,0.0,0.3230769230769231,1.0,0.0,0.0,0.047047047047047,0.0,0.0568838588407554,0.0,0,0
Gender,NumberCreditCards,0.0,0.0,0.0,0.0,0.0333333333333333,1.0,0.0,0.0,0.2340425531914893,0.0,0.0548101395260348,0.0,0,0
Gender,NetWorth,0.0,0.0,0.0,0.0,0.0333333333333333,1.0,0.0,0.0,0.0066562809800311,0.0,0.0564367838697235,0.0,0,0
AddressLine1,AgencyID,0.0,0.0,0.0,0.0,0.6369747899159665,1.0,0.0,0.0,0.7954762663268556,0.0,0.0578191793383764,0.0,0,0
AddressLine1,LastName,0.0,0.0,0.0,0.0,0.7079365079365079,1.0,0.0,0.0,0.7954762663268556,0.0,0.0512719358550295,0.0,0,0
AddressLine1,FirstName,0.0,0.0,0.0,0.0,0.6805555555555556,1.0,0.0,0.0,0.7954762663268556,0.0,0.0568838588407554,0.0,0,0
AddressLine1,MiddleInitial,0.0,0.0,0.0,0.0,0.6012987012987013,1.0,0.0,0.0,0.0055219284273123,0.0,0.0591286280350458,0.0,0,0
AddressLine1,Gender,0.0,0.0,0.0,0.0,0.6525252525252525,1.0,0.0,0.0,0.0042476372517786,0.0,0.0600015938328254,0.0,0,0
AddressLine1,AddressLine1,0.773913,1.0,0.9659091,1.0,1.0,1.0,0.0,0.0,0.7520441754274185,0.0,0.1036498837218047,0.0,0,1
AddressLine1,AddressLine2,0.0,0.0,0.0,0.0,0.9200000000000002,1.0,0.0,0.0,0.7556546670914304,0.0,0.0981938474856822,0.0,0,0
AddressLine1,PostalCode,0.0,0.0,0.0,0.0,0.7177777777777778,1.0,0.0,0.0,0.759902304343209,0.0,0.0500815279489664,0.0,0,0
AddressLine1,City,0.0,0.0,0.0,0.0,0.5437037037037037,1.0,0.0,0.0,0.0288839333120951,0.0,0.0463615032425194,0.0,0,0
AddressLine1,State,0.0,0.0,0.0,0.0,0.5377777777777778,1.0,0.0,0.0,0.0064776468089625,0.0,0.0458800882805086,0.0,0,0
AddressLine1,Country,0.0,0.0,0.0,0.0,0.5726495726495726,1.0,0.0,0.0,0.0002123818625889,0.0,0.045069284133964,0.0,0,0
AddressLine1,Phone,0.0,0.0,0.0,0.0,0.6622222222222223,1.0,0.0,0.0,0.755336094297547,0.0,0.0535827276726814,0.0,1,0
AddressLine1,Income,0.0,0.0,0.0,0.0,0.0333333333333333,1.0,0.0,0.0,0.7486460656259956,0.0,0.0522798038802969,0.0,0,0
AddressLine1,NumberCars,0.0,0.0,0.0,0.0,0.0333333333333333,1.0,0.0,0.0,0.0006371455877668,0.0,0.0496344529779345,0.0,0,0
AddressLine1,NumberChildren,0.0,0.0,0.0,0.0,0.0333333333333333,1.0,0.0,0.0,0.0006371455877668,0.0,0.0578757384814481,0.0,0,0
AddressLine1,MaritalStatus,0.0,0.0,0.0,0.0,0.5256410256410257,1.0,0.0,0.0,0.0005309546564723,0.0,0.0486530384616908,0.0,0,0
AddressLine1,Age,0.0,0.0,0.0,0.0,0.0333333333333333,1.0,0.0,0.0,0.0107252840607412,0.0,0.0551896898728955,0.0,0,0
AddressLine1,CreditRating,0.0,0.0,0.0,0.0,0.0333333333333333,1.0,0.0,0.0,0.0585112031432515,0.0,0.0595545188617934,0.0,0,0
AddressLine1,OwnOrRentFlag,0.0,0.0,0.0,0.0,0.6253968253968254,1.0,0.0,0.0,0.0003185727938834,0.0,0.0538908332483683,0.0,0,0
AddressLine1,Employer,0.0,0.0,0.0,0.0,0.4953846153846154,1.0,0.0,0.0,0.1060847403631729,0.0,0.0447246923716826,0.0,0,0
AddressLine1,NumberCreditCards,0.0,0.0,0.0,0.0,0.0333333333333333,1.0,0.0,0.0,0.0011681002442391,0.0,0.0512763949173318,0.0,0,0
AddressLine1,NetWorth,0.0,0.0,0.0,0.0,0.0333333333333333,1.0,0.0,0.0,0.7498141658702346,0.0,0.0442776174006507,0.0,0,0
AddressLine2,AgencyID,0.0,0.0,0.0,0.0,0.6369747899159665,1.0,0.0,0.0,0.881591242824723,0.0,0.0578191793383764,0.0,0,0
AddressLine2,LastName,0.0,0.0,0.0,0.0,0.7079365079365079,1.0,0.0,0.0,0.881591242824723,0.0,0.0512719358550295,0.0,0,0
AddressLine2,FirstName,0.0,0.0,0.0,0.0,0.6805555555555556,1.0,0.0,0.0,0.881591242824723,0.0,0.0568838588407554,0.0,0,0
AddressLine2,MiddleInitial,0.0,0.0,0.0,0.0,0.6012987012987013,1.0,0.0,0.0,0.0078740157480314,0.0,0.0591286280350458,0.0,0,0
AddressLine2,Gender,0.0,0.0,0.0,0.0,0.6525252525252525,1.0,0.0,0.0,0.0060569351907934,0.0,0.0600015938328254,0.0,0,0
AddressLine2,AddressLine1,0.0,0.0,0.0,0.0,0.9200000000000002,1.0,0.0,0.0,0.9325049421067496,0.0,0.0981938474856822,0.0,0,0
AddressLine2,AddressLine2,0.773913,1.0,0.9659091,1.0,1.0,1.0,0.0,0.0,0.9280494659921305,0.0,0.1036498837218047,0.0,1,1
AddressLine2,PostalCode,0.0,0.0,0.0,0.0,0.7177777777777778,1.0,0.0,0.0,0.922861934041364,0.0,0.0500815279489664,0.0,1,0
AddressLine2,City,0.0,0.0,0.0,0.0,0.5437037037037037,1.0,0.0,0.0,0.0411871592973955,0.0,0.0463615032425194,0.0,0,0
AddressLine2,State,0.0,0.0,0.0,0.0,0.5377777777777778,1.0,0.0,0.0,0.00923682616596,0.0,0.0458800882805086,0.0,0,0
AddressLine2,Country,0.0,0.0,0.0,0.0,0.5726495726495726,1.0,0.0,0.0,0.0003028467595396,0.0,0.045069284133964,0.0,0,0
AddressLine2,Phone,0.0,0.0,0.0,0.0,0.6622222222222223,1.0,0.0,0.0,0.9284408828904822,0.0,0.0535827276726814,0.0,0,0
AddressLine2,Income,0.0,0.0,0.0,0.0,0.0333333333333333,1.0,0.0,0.0,0.9367375886524822,0.0,0.0522798038802969,0.0,0,0
AddressLine2,NumberCars,0.0,0.0,0.0,0.0,0.0333333333333333,1.0,0.0,0.0,0.000908540278619,0.0,0.0496344529779345,0.0,0,0
AddressLine2,NumberChildren,0.0,0.0,0.0,0.0,0.0333333333333333,1.0,0.0,0.0,0.000908540278619,0.0,0.0578757384814481,0.0,0,0
AddressLine2,MaritalStatus,0.0,0.0,0.0,0.0,0.5256410256410257,1.0,0.0,0.0,0.0007571168988491,0.0,0.0486530384616908,0.0,0,0
AddressLine2,Age,0.0,0.0,0.0,0.0,0.0333333333333333,1.0,0.0,0.0,0.0152937613567534,0.0,0.0551896898728955,0.0,0,0
AddressLine2,CreditRating,0.0,0.0,0.0,0.0,0.0333333333333333,1.0,0.0,0.0,0.0834342822531798,0.0,0.0595545188617934,0.0,0,0
AddressLine2,OwnOrRentFlag,0.0,0.0,0.0,0.0,0.6253968253968254,1.0,0.0,0.0,0.0004542701393095,0.0,0.0538908332483683,0.0,0,0
AddressLine2,Employer,0.0,0.0,0.0,0.0,0.4953846153846154,1.0,0.0,0.0,0.1512719563900666,0.0,0.0447246923716826,0.0,0,0
AddressLine2,NumberCreditCards,0.0,0.0,0.0,0.0,0.0333333333333333,1.0,0.0,0.0,0.0016656571774682,0.0,0.0512763949173318,0.0,0,0
AddressLine2,NetWorth,0.0,0.0,0.0,0.0,0.0333333333333333,1.0,0.0,0.0,0.9352782891941652,0.0,0.0442776174006507,0.0,0,0
PostalCode,AgencyID,0.0,0.0,0.0,0.0,0.5146153846153847,1.0,0.0,0.0,0.7193892250072025,0.0,0.0454521638698323,0.0,0,0
PostalCode,LastName,0.0,0.0,0.0,0.0,0.5923076923076924,1.0,0.0,0.0,0.7193892250072025,0.0,0.0672763088143219,0.0,0,0
PostalCode,FirstName,0.0,0.0,0.0,0.0,0.5923076923076924,1.0,0.0,0.0,0.7193892250072025,0.0,0.065744789870849,0.0,0,0
PostalCode,MiddleInitial,0.0,0.0,0.0,0.0,0.5857142857142857,1.0,0.0,0.0,0.0049937578027465,0.0,0.0552572144970668,0.0,0,0
PostalCode,Gender,0.0,0.0,0.0,0.0,0.4311111111111111,1.0,0.0,0.0,0.0038413521559588,0.0,0.054545557596703,0.0,0,0
PostalCode,AddressLine1,0.0,0.0,0.0,0.0,0.7177777777777778,1.0,0.0,0.0,0.6801113992125228,0.0,0.0500815279489664,0.0,0,0
PostalCode,AddressLine2,0.0,0.0,0.0,0.0,0.7177777777777778,1.0,0.0,0.0,0.6833765485450879,0.0,0.0500815279489664,0.0,0,0
PostalCode,PostalCode,0.7714286,1.0,0.9625,1.0,1.0,1.0,0.0,0.0,0.6872179007010467,0.0,0.1036498837218047,0.0,1,1
PostalCode,City,0.0,0.0,0.0,0.0,0.4311111111111111,1.0,0.0,0.0,0.0261211946605205,0.0,0.0475306538645456,0.0,0,0
PostalCode,State,0.0,0.0,0.0,0.0,0.5437037037037037,1.0,0.0,0.0,0.0058580620378373,0.0,0.0643664228217233,0.0,0,0
PostalCode,Country,0.0,0.0,0.0,0.0,0.48,1.0,0.0,0.0,0.0001920676077979,0.0,0.0535827276726814,0.0,0,0
PostalCode,Phone,0.0,0.0,0.0,0.0,0.4606060606060606,1.0,0.0,0.0,0.683088447133391,0.0,0.0643664228217233,0.0,0,0
PostalCode,Income,0.0,0.0,0.0,0.0,0.0333333333333333,1.0,0.0,0.0,0.6770383174877557,0.0,0.054098482625671,0.0,0,0
PostalCode,NumberCars,0.0,0.0,0.0,0.0,0.0333333333333333,1.0,0.0,0.0,0.0005762028233938,0.0,0.0442776174006507,0.0,0,0
PostalCode,NumberChildren,0.0,0.0,0.0,0.0,0.0333333333333333,1.0,0.0,0.0,0.0005762028233938,0.0,0.054098482625671,0.0,0,0
PostalCode,MaritalStatus,0.0,0.0,0.0,0.0,0.56,1.0,0.0,0.0,0.0004801690194948,0.0,0.0552572144970668,0.0,0,0
PostalCode,Age,0.0,0.0,0.0,0.0,0.0333333333333333,1.0,0.0,0.0,0.0096994141937962,0.0,0.0478030561993759,0.0,0,0
PostalCode,CreditRating,0.0,0.0,0.0,0.0,0.0333333333333333,1.0,0.0,0.0,0.0529146259483338,0.0,0.0496344529779345,0.0,0,0
PostalCode,OwnOrRentFlag,0.0,0.0,0.0,0.0,0.5781818181818181,1.0,0.0,0.0,0.0002881014116969,0.0,0.0495639592941564,0.0,0,0
PostalCode,Employer,0.0,0.0,0.0,0.0,0.3551515151515151,1.0,0.0,0.0,0.0959377700950734,0.0,0.0600015938328254,0.0,0,0
PostalCode,NumberCreditCards,0.0,0.0,0.0,0.0,0.0333333333333333,1.0,0.0,0.0,0.0010563718428886,0.0,0.0522798038802969,0.0,0,0
PostalCode,NetWorth,0.0,0.0,0.0,0.0,0.0333333333333333,1.0,0.0,0.0,0.6780946893306444,0.0,0.0522798038802969,0.0,0,0
City,AgencyID,0.0,0.0,0.0,0.0,0.7570370370370372,1.0,0.0,0.0,0.4720331063943399,0.0,0.0490895213605806,0.0,0,0
City,LastName,0.0,0.0,0.0,0.0,0.5607843137254902,1.0,0.0,0.0,0.4720331063943399,0.0,0.0490895213605806,0.0,0,0
City,FirstName,0.0,0.0,0.0,0.0,0.5555555555555556,1.0,0.0,0.0,0.4720331063943399,0.0,0.05832281345248,0.0,0,0
City,MiddleInitial,0.0,0.0,0.0,0.0,0.6222222222222222,1.0,0.0,0.0,0.0147058823529411,0.0,0.0535827276726814,0.0,0,0
City,Gender,0.0,0.0,0.0,0.0,0.5428571428571429,1.0,0.0,0.0,0.0113122171945701,0.0,0.0381774488883357,0.0,0,0
City,AddressLine1,0.0,0.0,0.0,0.0,0.5437037037037037,1.0,0.0,0.0,0.4992939847500706,1.0,0.0463615032425194,0.0,0,0
City,AddressLine2,0.0,0.0,0.0,0.0,0.5437037037037037,1.0,0.0,0.0,0.4969083754918493,0.0,0.0463615032425194,0.0,0,0
City,PostalCode,0.0,0.0,0.0,0.0,0.4311111111111111,1.0,0.0,0.0,0.4941307993292342,0.0,0.0475306538645456,0.0,0,0
City,City,0.95292264,1.0,0.94642854,1.0,1.0,1.0,0.9989263930167864,1.0,0.0769230769230769,0.0,0.1036498837218047,0.0,1,1
City,State,0.0,0.0,0.0,0.0,0.9000000000000001,1.0,0.0,0.0,0.0172511312217194,0.0,0.0527268788513288,0.0,0,0
City,Country,0.0,0.0,0.0,0.0,0.9000000000000001,1.0,0.0,0.0,0.0005656108597285,0.0,0.0738896860702279,0.0,0,0
City,Phone,0.0,0.0,0.0,0.0,0.4823529411764706,1.0,0.0,0.0,0.4971179530437227,1.0,0.0381774488883357,0.0,1,0
City,Income,0.0,0.0,0.0,0.0,0.0333333333333333,1.0,0.0,0.0,0.5015602836879433,0.0,0.0377303739173038,0.0,0,0
City,NumberCars,0.0,0.0,0.0,0.0,0.0333333333333333,1.0,0.0,0.0,0.0016968325791855,0.0,0.0470835788935136,0.0,0,0
City,NumberChildren,0.0,0.0,0.0,0.0,0.0333333333333333,1.0,0.0,0.0,0.0016968325791855,0.0,0.0522798038802969,0.0,0,0
City,MaritalStatus,0.0,0.0,0.0,0.0,0.4311111111111111,1.0,0.0,0.0,0.0014140271493212,0.0,0.0535827276726814,0.0,0,0
City,Age,0.0,0.0,0.0,0.0,0.0333333333333333,1.0,0.0,0.0,0.0285633484162895,0.0,0.0377303739173038,0.0,0,0
City,CreditRating,0.0,0.0,0.0,0.0,0.0333333333333333,1.0,0.0,0.0,0.1558257918552036,0.0,0.0622825369798546,0.0,0,0
City,OwnOrRentFlag,0.0,0.0,0.0,0.0,0.5785620915032679,1.0,0.0,0.0,0.0008484162895927,0.0,0.0458800882805086,0.0,0,0
City,Employer,0.0,0.0,0.0,0.0,0.5,1.0,0.9375774087957448,1.0,0.2825226244343891,0.0,0.0490895213605806,0.0,0,0
City,NumberCreditCards,0.0,0.0,0.0,0.0,0.0333333333333333,1.0,0.0,0.0,0.0031108597285067,0.0,0.0564367838697235,0.0,0,0
City,NetWorth,0.0,0.0,0.0,0.0,0.0333333333333333,1.0,0.0,0.0,0.5007789264976632,0.0,0.0486424463895486,0.0,0,0
State,AgencyID,0.0,0.0,0.0,0.0,0.9111111111111112,1.0,0.0,0.0,0.0734214390602055,0.0,0.0482501311704079,0.0,0,0
State,LastName,0.0,0.0,0.0,0.0,0.7656565656565657,1.0,0.0,0.0,0.0734214390602055,0.0,0.0683954957345522,0.0,0,0
State,FirstName,0.0,0.0,0.0,0.0,0.7656565656565657,1.0,0.0,0.0,0.0734214390602055,0.0,0.0662370638169653,0.0,1,0
State,MiddleInitial,0.0,0.0,0.0,0.0,0.6888888888888889,1.0,0.0,0.0,0.0945454545454545,0.0,0.0527268788513288,0.0,0,0
State,Gender,0.0,0.0,0.0,0.0,0.6363636363636364,1.0,0.0,0.0,0.0727272727272727,0.0,0.0500815279489664,0.0,0,0
State,AddressLine1,0.0,0.0,0.0,0.0,0.5377777777777778,1.0,0.0,0.0,0.0776616774922338,0.0,0.0458800882805086,0.0,1,0
State,AddressLine2,0.0,0.0,0.0,0.0,0.5377777777777778,1.0,0.0,0.0,0.0772906127037661,0.0,0.0458800882805086,0.0,0,0
State,PostalCode,0.0,0.0,0.0,0.0,0.5437037037037037,1.0,0.0,0.0,0.0768585802124091,0.0,0.0643664228217233,0.0,1,0
State,City,0.0,0.0,0.0,0.0,0.9000000000000001,1.0,0.0,0.0,0.4945454545454545,0.0,0.0527268788513288,0.0,1,0
State,State,0.9589,1.0,0.95,1.0,1.0,1.0,0.9939828470016036,1.0,0.1109090909090909,0.0,0.1036498837218047,0.0,0,1
State,Country,0.0,0.0,0.0,0.0,1.0,1.0,0.0,0.0,0.0036363636363636,0.0,0.0490895213605806,0.0,0,0
State,Phone,0.0,0.0,0.0,0.0,0.52,1.0,0.0,0.0,0.0773232110220722,0.0,0.0512719358550295,0.0,1,0
State,Income,0.0,0.0,0.0,0.0,0.0333333333333333,1.0,0.0,0.0,0.0780141843971631,0.0,0.0496344529779345,0.0,0,0
State,NumberCars,0.0,0.0,0.0,0.0,0.0333333333333333,1.0,0.0,0.0,0.0109090909090909,0.0,0.0464600318950996,0.0,1,0
State,NumberChildren,0.0,0.0,0.0,0.0,0.0333333333333333,1.0,0.0,0.0,0.0109090909090909,0.0,0.0446222091629321,0.0,0,0
State,MaritalStatus,0.0,0.0,0.0,0.0,0.7807407407407407,1.0,0.0,0.0,0.009090909090909,0.0,0.0672763088143219,0.0,1,0
State,Age,0.0,0.0,0.0,0.0,0.0333333333333333,1.0,0.0,0.0,0.1836363636363636,0.0,0.054098482625671,0.0,0,0
State,CreditRating,0.0,0.0,0.0,0.0,0.0333333333333333,1.0,0.0,0.0,0.998185117967332,0.0,0.0608382920938222,0.0,0,0
State,OwnOrRentFlag,0.0,0.0,0.0,0.0,0.5975757575757575,1.0,0.0,0.0,0.0054545454545454,0.0,0.0527268788513288,0.0,0,0
State,Employer,0.0,0.0,0.0,0.0,0.5,1.0,0.0,0.0,0.5505505505505506,0.0,0.0482501311704079,0.0,0,0
State,NumberCreditCards,0.0,0.0,0.0,0.0,0.0333333333333333,1.0,0.0,0.0,0.02,0.0,0.0496344529779345,0.0,1,0
State,NetWorth,0.0,0.0,0.0,0.0,0.0333333333333333,1.0,0.0,0.0,0.077892649766322,0.0,0.0578757384814481,0.0,0,0
Country,AgencyID,0.0,0.0,0.0,0.0,0.8148148148148149,1.0,0.0,0.0,0.3906020558002936,0.0,0.0556367648439275,0.0,0,0
Country,LastName,0.0,0.0,0.0,0.0,0.5576470588235294,1.0,0.0,0.0,0.3906020558002936,0.0,0.0469071068661316,0.0,0,0
Country,FirstName,0.0,0.0,0.0,0.0,0.5576470588235294,1.0,0.0,0.0,0.3906020558002936,0.0,0.0463615032425194,0.0,1,0
Country,MiddleInitial,0.0,0.0,0.0,0.0,0.7684981684981687,1.0,0.0,0.0,0.0177717019822283,0.0,0.0512719358550295,0.0,0,0
Country,Gender,0.0,0.0,0.0,0.0,0.6000000000000001,1.0,0.0,0.0,0.0136705399863294,0.0,0.05832281345248,0.0,0,0
Country,AddressLine1,0.0,0.0,0.0,0.0,0.5726495726495726,1.0,0.0,0.0,0.413160124258684,0.0,0.045069284133964,0.0,0,0
Country,AddressLine2,0.0,0.0,0.0,0.0,0.5726495726495726,1.0,0.0,0.0,0.411186059584036,0.0,0.045069284133964,0.0,0,0
Country,PostalCode,0.0,0.0,0.0,0.0,0.48,1.0,0.0,0.0,0.4088876467300167,0.0,0.0535827276726814,0.0,0,0
Country,City,0.0,0.0,0.0,0.0,0.9000000000000001,1.0,0.0,0.0,0.0929596719070403,0.0,0.0738896860702279,0.0,1,0
Country,State,0.0,0.0,0.0,0.0,1.0,1.0,0.0,0.0,0.0208475734791524,0.0,0.0490895213605806,0.0,0,0
Country,Country,0.9666666,1.0,0.9558824,1.0,1.0,1.0,0.9807855602412724,1.0,0.0006835269993164,0.0,0.1036498837218047,0.0,1,1
Country,Phone,0.0,0.0,0.0,0.0,0.52,1.0,0.0,0.0,0.4113594826374244,0.0,0.0600015938328254,0.0,0,0
Country,Income,0.0,0.0,0.0,0.0,0.0333333333333333,1.0,0.0,0.0,0.4150354609929078,0.0,0.0478030561993759,0.0,0,0
Country,NumberCars,0.0,0.0,0.0,0.0,0.0333333333333333,1.0,0.0,0.0,0.0020505809979494,0.0,0.0531356527016494,0.0,0,0
Country,NumberChildren,0.0,0.0,0.0,0.0,0.0333333333333333,1.0,0.0,0.0,0.0020505809979494,0.0,0.0502013138855836,0.0,0,0
Country,MaritalStatus,0.0,0.0,0.0,0.0,0.48,1.0,0.0,0.0,0.0017088174982911,0.0,0.0447246923716826,0.0,0,0
Country,Age,0.0,0.0,0.0,0.0,0.0333333333333333,1.0,0.0,0.0,0.0345181134654818,0.0,0.0377303739173038,0.0,0,0
Country,CreditRating,0.0,0.0,0.0,0.0,0.0333333333333333,1.0,0.0,0.0,0.1883116883116883,0.0,0.0515140444085604,0.0,0,0
Country,OwnOrRentFlag,0.0,0.0,0.0,0.0,0.6348717948717948,1.0,0.0,0.0,0.0010252904989747,0.0,0.0512719358550295,0.0,0,0
Country,Employer,0.0,0.0,0.0,0.0,0.5428571428571429,1.0,0.0,0.0,0.3414217361585782,0.0,0.0556367648439275,0.0,0,0
Country,NumberCreditCards,0.0,0.0,0.0,0.0,0.0333333333333333,1.0,0.0,0.0,0.0037593984962406,0.0,0.054098482625671,0.0,0,0
Country,NetWorth,0.0,0.0,0.0,0.0,0.0333333333333333,1.0,0.0,0.0,0.4143888967568333,0.0,0.0551896898728955,0.0,0,0
Phone,AgencyID,0.0,0.0,0.0,0.0,0.4781499202551834,1.0,0.0,0.0,0.7039751903016633,0.0,0.0482501311704079,0.0,0,0
Phone,LastName,0.0,0.0,0.0,0.0,0.8311111111111111,1.0,0.0,0.0,0.7039751903016633,0.0,0.0482501311704079,0.0,0,0
Phone,FirstName,0.0,0.0,0.0,0.0,0.8222222222222222,1.0,0.0,0.0,0.7039751903016633,0.0,0.0475306538645456,0.0,0,0
Phone,MiddleInitial,0.0,0.0,0.0,0.0,0.4711111111111111,1.0,0.0,0.0,0.0048867587632741,0.0,0.0454521638698323,0.0,0,0
Phone,Gender,0.0,0.0,0.0,0.0,0.4461538461538462,1.0,0.0,0.0,0.0037590452025185,0.0,0.0619856070095972,0.0,0,0
Phone,AddressLine1,0.0,0.0,0.0,0.0,0.6622222222222223,1.0,0.0,0.0,0.665538953105911,0.0,0.0535827276726814,0.0,0,0
Phone,AddressLine2,0.0,0.0,0.0,0.0,0.6622222222222223,1.0,0.0,0.0,0.6687341415280519,0.0,0.0535827276726814,0.0,0,0
Phone,PostalCode,0.0,0.0,0.0,0.0,0.4606060606060606,1.0,0.0,0.0,0.6724931867305705,0.0,0.0643664228217233,0.0,0,0
Phone,City,0.0,0.0,0.0,0.0,0.4823529411764706,1.0,0.0,0.0,0.0255615073771262,0.0,0.0381774488883357,0.0,0,0
Phone,State,0.0,0.0,0.0,0.0,0.52,1.0,0.0,0.0,0.0057325439338408,0.0,0.0512719358550295,0.0,0,0
Phone,Country,0.0,0.0,0.0,0.0,0.52,1.0,0.0,0.0,0.0001879522601259,0.0,0.0600015938328254,0.0,0,0
Phone,Phone,0.7625,1.0,0.95,1.0,1.0,1.0,0.0,0.0,0.668452213137863,0.0,0.1036498837218047,0.0,1,1
Phone,Income,0.0,0.0,0.0,0.0,0.0333333333333333,1.0,0.0,0.0,0.6625317169438962,0.0,0.0615385320385652,0.0,0,0
Phone,NumberCars,0.0,0.0,0.0,0.0,0.0333333333333333,1.0,0.0,0.0,0.0005638567803777,0.0,0.0464600318950996,0.0,0,0
Phone,NumberChildren,0.0,0.0,0.0,0.0,0.0333333333333333,1.0,0.0,0.0,0.0005638567803777,0.0,0.0515140444085604,0.0,0,0
Phone,MaritalStatus,0.0,0.0,0.0,0.0,0.4606060606060606,1.0,0.0,0.0,0.0004698806503148,0.0,0.0381774488883357,0.0,0,0
Phone,Age,0.0,0.0,0.0,0.0,0.0333333333333333,1.0,0.0,0.0,0.0094915891363593,0.0,0.054098482625671,0.0,0,0
Phone,CreditRating,0.0,0.0,0.0,0.0,0.0333333333333333,1.0,0.0,0.0,0.0517808476646931,0.0,0.0454330133094766,0.0,0,0
Phone,OwnOrRentFlag,0.0,0.0,0.0,0.0,0.692982456140351,1.0,0.0,0.0,0.0002819283901888,0.0,0.0527268788513288,0.0,0,0
Phone,Employer,0.0,0.0,0.0,0.0,0.5555555555555556,1.0,0.0,0.0,0.093882153932901,0.0,0.05832281345248,0.0,0,0
Phone,NumberCreditCards,0.0,0.0,0.0,0.0,0.0333333333333333,1.0,0.0,0.0,0.0010337374306926,0.0,0.0436824134476191,0.0,0,0
Phone,NetWorth,0.0,0.0,0.0,0.0,0.0333333333333333,1.0,0.0,0.0,0.6635654543745888,0.0,0.0478030561993759,0.0,0,0
Income,AgencyID,0.0,0.0,0.0,0.0,0.0333333333333333,1.0,0.0,0.0,0.708636836628512,0.0,0.0564367838697235,0.0,0,0
Income,LastName,0.0,0.0,0.0,0.0,0.0333333333333333,1.0,0.0,0.0,0.708636836628512,0.0,0.0564367838697235,0.0,0,0
Income,FirstName,0.0,0.0,0.0,0.0,0.0333333333333333,1.0,0.0,0.0,0.708636836628512,0.0,0.0551896898728955,0.0,0,0
Income,MiddleInitial,0.0,0.0,0.0,0.0,0.0333333333333333,1.0,0.0,0.0,0.0049191183426355,0.0,0.0515140444085604,0.0,0,0
Income,Gender,0.0,0.0,0.0,0.0,0.0333333333333333,1.0,0.0,0.0,0.0037839371866427,0.0,0.0595545188617934,0.0,0,0
Income,AddressLine1,0.0,0.0,0.0,0.0,0.0333333333333333,1.0,0.0,0.0,0.6699460788950904,0.0,0.0522798038802969,0.0,0,0
Income,AddressLine2,0.0,0.0,0.0,0.0,0.0333333333333333,1.0,0.0,0.0,0.6731624255037366,0.0,0.0522798038802969,0.0,0,0
Income,PostalCode,0.0,0.0,0.0,0.0,0.0333333333333333,1.0,0.0,0.0,0.6769463626903793,0.0,0.054098482625671,0.0,0,0
Income,City,0.0,0.0,0.0,0.0,0.0333333333333333,1.0,0.0,0.0,0.0257307728691703,0.0,0.0377303739173038,0.0,0,0
Income,State,0.0,0.0,0.0,0.0,0.0333333333333333,1.0,0.0,0.0,0.0057705042096301,0.0,0.0496344529779345,0.0,0,0
Income,Country,0.0,0.0,0.0,0.0,0.0333333333333333,1.0,0.0,0.0,0.0001891968593321,0.0,0.0478030561993759,0.0,0,0
Income,Phone,0.0,0.0,0.0,0.0,0.0333333333333333,1.0,0.0,0.0,0.6728786302147385,0.0,0.0615385320385652,0.0,1,0
Income,Income,0.76512736,1.0,0.953125,1.0,1.0,1.0,0.9816598896240388,1.0,0.6669189291457762,0.0,0.1035047714697333,0.0,0,1
Income,NumberCars,0.0,0.0,0.0,0.0,0.4057142857142857,1.0,0.0,0.0,0.0005675905779964,0.0,0.0544004453446316,0.0,0,0
Income,NumberChildren,0.0,0.0,0.0,0.0,0.4285714285714286,1.0,0.0,0.0,0.0005675905779964,0.0,0.0511268236029582,0.0,0,0
Income,MaritalStatus,0.0,0.0,0.0,0.0,0.0333333333333333,1.0,0.0,0.0,0.0004729921483303,0.0,0.0377303739173038,0.0,0,0
Income,Age,0.0,0.0,0.0,0.0,0.4285714285714286,1.0,0.0,0.0,0.0095544413962728,0.0,0.0525817665992575,0.0,0,0
Income,CreditRating,0.0,0.0,0.0,0.0,0.6222222222222222,1.0,0.0,0.0,0.0521237347460032,0.0,0.0453070516177609,0.0,0,0
Income,OwnOrRentFlag,0.0,0.0,0.0,0.0,0.0333333333333333,1.0,0.0,0.0,0.0002837952889982,0.0,0.0515140444085604,0.0,0,0
Income,Employer,0.0,0.0,0.0,0.0,0.0333333333333333,1.0,0.0,0.0,0.0945038312364014,0.0,0.0564367838697235,0.0,0,0
Income,NumberCreditCards,0.0,0.0,0.0,0.0,0.5943977591036416,1.0,0.0,0.0,0.0010405827263267,0.0,0.0494188470420851,0.0,0,0
Income,NetWorth,0.0,0.0,0.0,0.0,0.781453634085213,1.0,0.960515921994268,1.0,0.6679595118721029,0.0,0.0473855416124742,0.0,0,0
NumberCars,AgencyID,0.0,0.0,0.0,0.0,0.0333333333333333,1.0,0.0,0.0,0.0017354158323321,0.0,0.0450050888988003,0.0,0,0
NumberCars,LastName,0.0,0.0,0.0,0.0,0.0333333333333333,1.0,0.0,0.0,0.0017354158323321,0.0,0.0595545188617934,0.0,0,0
NumberCars,FirstName,0.0,0.0,0.0,0.0,0.0333333333333333,1.0,0.0,0.0,0.0017354158323321,0.0,0.0584058796541887,0.0,0,0
NumberCars,MiddleInitial,0.0,0.0,0.0,0.0,0.0333333333333333,1.0,0.0,0.0,0.25,0.0,0.0491168843231245,0.0,0,0
NumberCars,Gender,0.0,0.0,0.0,0.0,0.0333333333333333,1.0,0.0,0.0,0.325,0.0,0.054098482625671,0.0,0,0
NumberCars,AddressLine1,0.0,0.0,0.0,0.0,0.0333333333333333,1.0,0.0,0.0,0.0018356396498164,0.0,0.0496344529779345,0.0,0,0
NumberCars,AddressLine2,0.0,0.0,0.0,0.0,0.0333333333333333,1.0,0.0,0.0,0.0018268690275435,0.0,0.0496344529779345,0.0,0,0
NumberCars,PostalCode,0.0,0.0,0.0,0.0,0.0333333333333333,1.0,0.0,0.0,0.0018166573504751,0.0,0.0442776174006507,0.0,0,0
NumberCars,City,0.0,0.0,0.0,0.0,0.0333333333333333,1.0,0.0,0.0,0.0477941176470588,0.0,0.0470835788935136,0.0,0,0
NumberCars,State,0.0,0.0,0.0,0.0,0.0333333333333333,1.0,0.0,0.0,0.2131147540983606,0.0,0.0464600318950996,0.0,0,0
NumberCars,Country,0.0,0.0,0.0,0.0,0.0333333333333333,1.0,0.0,0.0,0.1538461538461538,0.0,0.0531356527016494,0.0,0,0
NumberCars,Phone,0.0,0.0,0.0,0.0,0.0333333333333333,1.0,0.0,0.0,0.0018276395332489,0.0,0.0464600318950996,0.0,1,0
NumberCars,Income,0.0,0.0,0.0,0.0,0.4057142857142857,1.0,0.0,0.0,0.0018439716312056,0.0,0.0544004453446316,0.0,0,0
NumberCars,NumberCars,0.9714286,1.0,0.9625,1.0,1.0,1.0,1.0,0.0,0.4615384615384615,0.0,0.1035047714697333,0.0,0,1
NumberCars,NumberChildren,0.0,0.0,0.0,0.0,0.7333333333333334,1.0,0.9968189121987936,1.0,0.4615384615384615,0.0,0.0816806265252437,0.0,0,0
NumberCars,MaritalStatus,0.0,0.0,0.0,0.0,0.0333333333333333,1.0,0.0,0.0,0.3846153846153846,0.0,0.0548101395260348,0.0,0,0
NumberCars,Age,0.0,0.0,0.0,0.0,0.664069264069264,1.0,0.9947466248361204,0.0,0.1287128712871287,0.0,0.0481050189183365,0.0,0,0
NumberCars,CreditRating,0.0,0.0,0.0,0.0,0.6048484848484847,1.0,0.0,0.0,0.0235934664246823,0.0,0.0499364156968951,0.0,0,0
NumberCars,OwnOrRentFlag,0.0,0.0,0.0,0.0,0.0333333333333333,1.0,0.0,0.0,0.2307692307692307,0.0,0.0491168843231245,0.0,0,0
NumberCars,Employer,0.0,0.0,0.0,0.0,0.0333333333333333,1.0,0.0,0.0,0.013013013013013,0.0,0.0595545188617934,0.0,0,0
NumberCars,NumberCreditCards,0.0,0.0,0.0,0.0,0.8917171717171717,1.0,0.9698129225356512,1.0,0.8461538461538461,0.0,0.086530436512908,0.0,0,0
NumberCars,NetWorth,0.0,0.0,0.0,0.0,0.6311111111111112,1.0,0.0,0.0,0.0018410989944767,0.0,0.059856481580754,0.0,0,0
NumberChildren,AgencyID,0.0,0.0,0.0,0.0,0.0333333333333333,1.0,0.0,0.0,0.001067948204512,0.0,0.0496344529779345,0.0,0,0
NumberChildren,LastName,0.0,0.0,0.0,0.0,0.0333333333333333,1.0,0.0,0.0,0.001067948204512,0.0,0.0555864925082499,0.0,0,0
NumberChildren,FirstName,0.0,0.0,0.0,0.0,0.0333333333333333,1.0,0.0,0.0,0.001067948204512,0.0,0.0548101395260348,0.0,0,0
NumberChildren,MiddleInitial,0.0,0.0,0.0,0.0,0.0333333333333333,1.0,0.0,0.0,0.1538461538461538,0.0,0.0571296138679612,0.0,0,0
NumberChildren,Gender,0.0,0.0,0.0,0.0,0.0333333333333333,1.0,0.0,0.0,0.2,0.0,0.0573721043673445,0.0,0,0
NumberChildren,AddressLine1,0.0,0.0,0.0,0.0,0.0333333333333333,1.0,0.0,0.0,0.001129624399887,0.0,0.0578757384814481,0.0,0,0
NumberChildren,AddressLine2,0.0,0.0,0.0,0.0,0.0333333333333333,1.0,0.0,0.0,0.0011242270938729,0.0,0.0578757384814481,0.0,0,0
NumberChildren,PostalCode,0.0,0.0,0.0,0.0,0.0333333333333333,1.0,0.0,0.0,0.0011179429849077,0.0,0.054098482625671,0.0,0,0
NumberChildren,City,0.0,0.0,0.0,0.0,0.0333333333333333,1.0,0.0,0.0,0.0294117647058823,0.0,0.0522798038802969,0.0,0,0
NumberChildren,State,0.0,0.0,0.0,0.0,0.0333333333333333,1.0,0.0,0.0,0.1311475409836065,0.0,0.0446222091629321,0.0,0,0
NumberChildren,Country,0.0,0.0,0.0,0.0,0.0333333333333333,1.0,0.0,0.0,0.25,0.0,0.0502013138855836,0.0,0,0
NumberChildren,Phone,0.0,0.0,0.0,0.0,0.0333333333333333,1.0,0.0,0.0,0.0011247012512301,0.0,0.0515140444085604,0.0,0,0
NumberChildren,Income,0.0,0.0,0.0,0.0,0.4285714285714286,1.0,0.0,0.0,0.0011347517730496,0.0,0.0511268236029582,0.0,0,0
NumberChildren,NumberCars,0.0,0.0,0.0,0.0,0.7333333333333334,1.0,1.0,0.0,0.75,0.0,0.0816806265252437,0.0,0,0
NumberChildren,NumberChildren,0.976,1.0,0.96875,1.0,1.0,1.0,1.0,1.0,0.75,0.0,0.1035047714697333,0.0,0,1
NumberChildren,MaritalStatus,0.0,0.0,0.0,0.0,0.0333333333333333,1.0,0.0,0.0,0.625,0.0,0.0522798038802969,0.0,0,0
NumberChildren,Age,0.0,0.0,0.0,0.0,0.6363636363636364,1.0,1.0,0.0,0.0792079207920792,0.0,0.0457349760284372,0.0,0,0
NumberChildren,CreditRating,0.0,0.0,0.0,0.0,0.6105627705627705,1.0,0.0,0.0,0.014519056261343,0.0,0.0581777012004087,0.0,0,0
NumberChildren,OwnOrRentFlag,0.0,0.0,0.0,0.0,0.0333333333333333,1.0,0.0,0.0,0.375,0.0,0.0522798038802969,0.0,0,0
NumberChildren,Employer,0.0,0.0,0.0,0.0,0.0333333333333333,1.0,0.0,0.0,0.008008008008008,0.0,0.0555864925082499,0.0,0,0
NumberChildren,NumberCreditCards,0.0,0.0,0.0,0.0,0.8158441558441558,1.0,0.9476667922027076,1.0,0.7272727272727273,0.0,0.0760485891202141,0.0,0,0
NumberChildren,NetWorth,0.0,0.0,0.0,0.0,0.623030303030303,1.0,0.0,0.0,0.001132983996601,0.0,0.0618404947575258,0.0,0,0
MaritalStatus,AgencyID,0.0,0.0,0.0,0.0,0.6315384615384616,1.0,0.0,0.0,0.00066746762782,0.0,0.0381774488883357,0.0,0,0
MaritalStatus,LastName,0.0,0.0,0.0,0.0,0.7761904761904763,1.0,0.0,0.0,0.00066746762782,0.0,0.0568838588407554,0.0,0,0
MaritalStatus,FirstName,0.0,0.0,0.0,0.0,0.7761904761904763,1.0,0.0,0.0,0.00066746762782,0.0,0.0560335674792818,0.0,0,0
MaritalStatus,MiddleInitial,0.0,0.0,0.0,0.0,0.5800000000000001,1.0,0.0,0.0,0.0961538461538461,0.0,0.0633591545935161,0.0,0,0
MaritalStatus,Gender,0.0,0.0,0.0,0.0,0.52,1.0,0.0,0.0,0.125,0.0,0.045069284133964,0.0,0,0
MaritalStatus,AddressLine1,0.0,0.0,0.0,0.0,0.5256410256410257,1.0,0.0,0.0,0.0007060152499293,0.0,0.0486530384616908,0.0,0,0
MaritalStatus,AddressLine2,0.0,0.0,0.0,0.0,0.5256410256410257,1.0,0.0,0.0,0.0007026419336706,0.0,0.0486530384616908,0.0,0,0
MaritalStatus,PostalCode,0.0,0.0,0.0,0.0,0.56,1.0,0.0,0.0,0.0006987143655673,0.0,0.0552572144970668,0.0,0,0
MaritalStatus,City,0.0,0.0,0.0,0.0,0.4311111111111111,1.0,0.0,0.0,0.0183823529411764,0.0,0.0535827276726814,0.0,0,0
MaritalStatus,State,0.0,0.0,0.0,0.0,0.7807407407407407,1.0,0.0,0.0,0.081967213114754,0.0,0.0672763088143219,0.0,0,0
MaritalStatus,Country,0.0,0.0,0.0,0.0,0.48,1.0,0.0,0.0,0.4,0.0,0.0447246923716826,0.0,0,0
MaritalStatus,Phone,0.0,0.0,0.0,0.0,0.4606060606060606,1.0,0.0,0.0,0.0007029382820188,0.0,0.0381774488883357,0.0,0,0
MaritalStatus,Income,0.0,0.0,0.0,0.0,0.0333333333333333,1.0,0.0,0.0,0.000709219858156,0.0,0.0377303739173038,0.0,0,0
MaritalStatus,NumberCars,0.0,0.0,0.0,0.0,0.0333333333333333,1.0,0.0,0.0,0.8333333333333334,0.0,0.0548101395260348,0.0,0,0
MaritalStatus,NumberChildren,0.0,0.0,0.0,0.0,0.0333333333333333,1.0,0.0,0.0,0.8333333333333334,0.0,0.0522798038802969,0.0,0,0
MaritalStatus,MaritalStatus,0.975,1.0,0.9673913,1.0,1.0,1.0,0.996639000197117,1.0,1.0,0.0,0.1036498837218047,0.0,1,1
MaritalStatus,Age,0.0,0.0,0.0,0.0,0.0333333333333333,1.0,0.0,0.0,0.0495049504950495,0.0,0.0377303739173038,0.0,0,0
MaritalStatus,CreditRating,0.0,0.0,0.0,0.0,0.0333333333333333,1.0,0.0,0.0,0.0090744101633393,0.0,0.0639193478506914,0.0,0,0
MaritalStatus,OwnOrRentFlag,0.0,0.0,0.0,0.0,0.5373426573426574,1.0,0.0,0.0,0.6,0.0,0.05832281345248,0.0,0,0
MaritalStatus,Employer,0.0,0.0,0.0,0.0,0.3551515151515151,1.0,0.0,0.0,0.005005005005005,0.0,0.0444129188724756,0.0,0,0
MaritalStatus,NumberCreditCards,0.0,0.0,0.0,0.0,0.0333333333333333,1.0,0.0,0.0,0.4545454545454545,0.0,0.0595545188617934,0.0,0,0
MaritalStatus,NetWorth,0.0,0.0,0.0,0.0,0.0333333333333333,1.0,0.0,0.0,0.0007081149978756,0.0,0.0502013138855836,0.0,0,0
Age,AgencyID,0.0,0.0,0.0,0.0,0.0333333333333333,1.0,0.0,0.0,0.0249632892804698,0.0,0.0734426110991959,0.0,0,0
Age,LastName,0.0,0.0,0.0,0.0,0.0333333333333333,1.0,0.0,0.0,0.0249632892804698,0.0,0.0496344529779345,0.0,0,0
Age,FirstName,0.0,0.0,0.0,0.0,0.0333333333333333,1.0,0.0,0.0,0.0249632892804698,0.0,0.0486424463895486,0.0,0,0
Age,MiddleInitial,0.0,0.0,0.0,0.0,0.0333333333333333,1.0,0.0,0.0,0.2780748663101604,0.0,0.0459144282714874,0.0,0,0
Age,Gender,0.0,0.0,0.0,0.0,0.0333333333333333,1.0,0.0,0.0,0.213903743315508,0.0,0.0522798038802969,0.0,0,0
Age,AddressLine1,0.0,0.0,0.0,0.0,0.0333333333333333,1.0,0.0,0.0,0.0264049703473595,0.0,0.0551896898728955,0.0,0,0
Age,AddressLine2,0.0,0.0,0.0,0.0,0.0333333333333333,1.0,0.0,0.0,0.0262788083192804,0.0,0.0551896898728955,0.0,0,0
Age,PostalCode,0.0,0.0,0.0,0.0,0.0333333333333333,1.0,0.0,0.0,0.0261319172722191,0.0,0.0478030561993759,0.0,0,0
Age,City,0.0,0.0,0.0,0.0,0.0333333333333333,1.0,0.0,0.0,0.6875,1.0,0.0377303739173038,0.0,0,0
Age,State,0.0,0.0,0.0,0.0,0.0333333333333333,1.0,0.0,0.0,0.3262032085561497,0.0,0.054098482625671,0.0,0,0
Age,Country,0.0,0.0,0.0,0.0,0.0333333333333333,1.0,0.0,0.0,0.0106951871657754,0.0,0.0377303739173038,0.0,0,0
Age,Phone,0.0,0.0,0.0,0.0,0.0333333333333333,1.0,0.0,0.0,0.0262898917475045,0.0,0.054098482625671,0.0,0,0
Age,Income,0.0,0.0,0.0,0.0,0.4285714285714286,1.0,0.0,0.0,0.0265248226950354,0.0,0.0525817665992575,0.0,0,0
Age,NumberCars,0.0,0.0,0.0,0.0,0.664069264069264,1.0,0.7593798539366254,1.0,0.0320855614973262,0.0,0.0481050189183365,0.0,0,0
Age,NumberChildren,0.0,0.0,0.0,0.0,0.6363636363636364,1.0,0.75986880418863,1.0,0.0320855614973262,0.0,0.0457349760284372,0.0,0,0
Age,MaritalStatus,0.0,0.0,0.0,0.0,0.0333333333333333,1.0,0.0,0.0,0.0267379679144385,0.0,0.0377303739173038,0.0,0,0
Age,Age,0.95714283,1.0,0.9423077,1.0,1.0,1.0,0.973313051135454,0.0,0.5401069518716578,0.0,0.1035047714697333,0.0,0,1
Age,CreditRating,0.0,0.0,0.0,0.0,0.5636363636363637,1.0,0.0,0.0,0.3393829401088929,0.0,0.0467619946140603,0.0,0,0
Age,OwnOrRentFlag,0.0,0.0,0.0,0.0,0.0333333333333333,1.0,0.0,0.0,0.0160427807486631,0.0,0.0459144282714874,0.0,0,0
Age,Employer,0.0,0.0,0.0,0.0,0.0333333333333333,1.0,0.0,0.0,0.1871871871871872,0.0,0.0496344529779345,0.0,0,0
Age,NumberCreditCards,0.0,0.0,0.0,0.0,0.6436363636363636,1.0,0.969517943546156,1.0,0.0588235294117647,0.0,0.0445795801196113,0.0,0,0
Age,NetWorth,0.0,0.0,0.0,0.0,0.6266666666666667,1.0,0.0,0.0,0.0264835009205494,0.0,0.0499364156968951,0.0,0,0
CreditRating,AgencyID,0.0,0.0,0.0,0.0,0.0333333333333333,1.0,0.0,0.0,0.131758109731678,0.0,0.0508248608839976,0.0,0,0
CreditRating,LastName,0.0,0.0,0.0,0.0,0.0333333333333333,1.0,0.0,0.0,0.131758109731678,0.0,0.0508248608839976,0.0,0,0
CreditRating,FirstName,0.0,0.0,0.0,0.0,0.0333333333333333,1.0,0.0,0.0,0.131758109731678,0.0,0.0564367838697235,0.0,0,0
CreditRating,MiddleInitial,0.0,0.0,0.0,0.0,0.0333333333333333,1.0,0.0,0.0,0.0526849037487335,0.0,0.0586815530640138,0.0,0,0
CreditRating,Gender,0.0,0.0,0.0,0.0,0.0333333333333333,1.0,0.0,0.0,0.0405268490374873,0.0,0.0522798038802969,0.0,0,0
CreditRating,AddressLine1,0.0,0.0,0.0,0.0,0.0333333333333333,1.0,0.0,0.0,0.1393674103360632,0.0,0.0595545188617934,0.0,0,0
CreditRating,AddressLine2,0.0,0.0,0.0,0.0,0.0333333333333333,1.0,0.0,0.0,0.1387015177065767,0.0,0.0595545188617934,0.0,0,0
CreditRating,PostalCode,0.0,0.0,0.0,0.0,0.0333333333333333,1.0,0.0,0.0,0.137926215762996,0.0,0.0496344529779345,0.0,0,0
CreditRating,City,0.0,0.0,0.0,0.0,0.0333333333333333,1.0,0.0,0.0,0.2755825734549139,0.0,0.0622825369798546,0.0,0,0
CreditRating,State,0.0,0.0,0.0,0.0,0.0333333333333333,1.0,0.0,0.0,0.0618034447821681,0.0,0.0608382920938222,0.0,0,0
CreditRating,Country,0.0,0.0,0.0,0.0,0.0333333333333333,1.0,0.0,0.0,0.0020263424518743,0.0,0.0515140444085604,0.0,0,0
CreditRating,Phone,0.0,0.0,0.0,0.0,0.0333333333333333,1.0,0.0,0.0,0.1387600168705187,0.0,0.0454330133094766,0.0,1,0
CreditRating,Income,0.0,0.0,0.0,0.0,0.6222222222222222,1.0,0.0,0.0,0.14,0.0,0.0453070516177609,0.0,0,0
CreditRating,NumberCars,0.0,0.0,0.0,0.0,0.6048484848484847,1.0,0.0,0.0,0.0060790273556231,0.0,0.0499364156968951,0.0,0,0
CreditRating,NumberChildren,0.0,0.0,0.0,0.0,0.6105627705627705,1.0,0.0,0.0,0.0060790273556231,0.0,0.0581777012004087,0.0,0,0
CreditRating,MaritalStatus,0.0,0.0,0.0,0.0,0.0333333333333333,1.0,0.0,0.0,0.0050658561296859,0.0,0.0639193478506914,0.0,0,0
CreditRating,Age,0.0,0.0,0.0,0.0,0.5636363636363637,1.0,0.0,0.0,0.1023302938196555,0.0,0.0467619946140603,0.0,0,0
CreditRating,CreditRating,0.943792,1.0,0.9659091,1.0,1.0,1.0,0.983196650092294,1.0,0.5582573454913881,0.0,0.1035047714697333,0.0,0,1
CreditRating,OwnOrRentFlag,0.0,0.0,0.0,0.0,0.0333333333333333,1.0,0.0,0.0,0.0030395136778115,0.0,0.0639193478506914,0.0,0,0
CreditRating,Employer,0.0,0.0,0.0,0.0,0.0333333333333333,1.0,0.0,0.0,0.987987987987988,0.0,0.0442776174006507,0.0,0,0
CreditRating,NumberCreditCards,0.0,0.0,0.0,0.0,0.8206060606060606,1.0,0.0,0.0,0.011144883485309,0.0,0.0696397189696632,0.0,0,0
CreditRating,NetWorth,0.0,0.0,0.0,0.0,0.65,1.0,0.0,0.0,0.1397819005806543,0.0,0.0576740670863051,0.0,0,0
OwnOrRentFlag,AgencyID,0.0,0.0,0.0,0.0,0.6020541549953315,1.0,0.0,0.0,0.000400480576692,0.0,0.0506483888566155,0.0,0,0
OwnOrRentFlag,LastName,0.0,0.0,0.0,0.0,0.6780284043441938,1.0,0.0,0.0,0.000400480576692,0.0,0.0506483888566155,0.0,0,0
OwnOrRentFlag,FirstName,0.0,0.0,0.0,0.0,0.6542857142857144,1.0,0.0,0.0,0.000400480576692,0.0,0.0560335674792818,0.0,0,0
OwnOrRentFlag,MiddleInitial,0.0,0.0,0.0,0.0,0.7743589743589745,1.0,0.0,0.0,0.0576923076923076,0.0,0.05832281345248,0.0,0,0
OwnOrRentFlag,Gender,0.0,0.0,0.0,0.0,0.4953846153846154,1.0,0.0,0.0,0.075,0.0,0.0519611193795924,0.0,0,0
OwnOrRentFlag,AddressLine1,0.0,0.0,0.0,0.0,0.6253968253968254,1.0,0.0,0.0,0.0004236091499576,0.0,0.0538908332483683,0.0,0,0
OwnOrRentFlag,AddressLine2,0.0,0.0,0.0,0.0,0.6253968253968254,1.0,0.0,0.0,0.0004215851602023,0.0,0.0538908332483683,0.0,0,0
OwnOrRentFlag,PostalCode,0.0,0.0,0.0,0.0,0.5781818181818181,1.0,0.0,0.0,0.0004192286193404,0.0,0.0495639592941564,0.0,0,0
OwnOrRentFlag,City,0.0,0.0,0.0,0.0,0.5785620915032679,1.0,0.0,0.0,0.0110294117647058,0.0,0.0458800882805086,0.0,0,0
OwnOrRentFlag,State,0.0,0.0,0.0,0.0,0.5975757575757575,1.0,0.0,0.0,0.0491803278688524,0.0,0.0527268788513288,0.0,0,0
OwnOrRentFlag,Country,0.0,0.0,0.0,0.0,0.6348717948717948,1.0,0.0,0.0,0.6666666666666666,0.0,0.0512719358550295,0.0,0,0
OwnOrRentFlag,Phone,0.0,0.0,0.0,0.0,0.692982456140351,1.0,0.0,0.0,0.0004217629692113,0.0,0.0527268788513288,0.0,0,0
OwnOrRentFlag,Income,0.0,0.0,0.0,0.0,0.0333333333333333,1.0,0.0,0.0,0.0004255319148936,0.0,0.0515140444085604,0.0,0,0
OwnOrRentFlag,NumberCars,0.0,0.0,0.0,0.0,0.0333333333333333,1.0,0.0,0.0,0.5,1.0,0.0491168843231245,0.0,0,0
OwnOrRentFlag,NumberChildren,0.0,0.0,0.0,0.0,0.0333333333333333,1.0,0.0,0.0,0.5,0.0,0.0522798038802969,0.0,0,0
OwnOrRentFlag,MaritalStatus,0.0,0.0,0.0,0.0,0.5373426573426574,1.0,0.0,0.0,0.6,0.0,0.05832281345248,0.0,0,0
OwnOrRentFlag,Age,0.0,0.0,0.0,0.0,0.0333333333333333,1.0,0.0,0.0,0.0297029702970297,0.0,0.0459144282714874,0.0,0,0
OwnOrRentFlag,CreditRating,0.0,0.0,0.0,0.0,0.0333333333333333,1.0,0.0,0.0,0.0054446460980036,0.0,0.0639193478506914,0.0,0,0
OwnOrRentFlag,OwnOrRentFlag,0.975,1.0,0.9673913,1.0,1.0,1.0,1.0,1.0,1.0,0.0,0.1036498837218047,0.0,0,1
OwnOrRentFlag,Employer,0.0,0.0,0.0,0.0,0.6266666666666667,1.0,0.0,0.0,0.003003003003003,0.0,0.0444129188724756,0.0,0,0
OwnOrRentFlag,NumberCreditCards,0.0,0.0,0.0,0.0,0.0333333333333333,1.0,0.0,0.0,0.2727272727272727,0.0,0.0551896898728955,0.0,0,0
OwnOrRentFlag,NetWorth,0.0,0.0,0.0,0.0,0.0333333333333333,1.0,0.0,0.0,0.0004248689987253,0.0,0.0502013138855836,0.0,0,0
Employer,AgencyID,0.0,0.0,0.0,0.0,0.4262626262626263,1.0,0.0,0.0,0.5765585369109598,1.0,0.0463615032425194,0.0,0,0
Employer,LastName,0.0,0.0,0.0,0.0,0.6553606237816765,1.0,0.0,0.0,0.5765585369109598,0.0,0.054545557596703,0.0,0,0
Employer,FirstName,0.0,0.0,0.0,0.0,0.6491228070175439,1.0,0.0,0.0,0.5765585369109598,0.0,0.0535827276726814,0.0,0,0
Employer,MiddleInitial,0.0,0.0,0.0,0.0,0.4666666666666667,1.0,0.0,0.0,0.012039824033341,0.0,0.0506483888566155,0.0,0,0
Employer,Gender,0.0,0.0,0.0,0.0,0.3230769230769231,1.0,0.0,0.0,0.00926140310257,0.0,0.0568838588407554,0.0,0,0
Employer,AddressLine1,0.0,0.0,0.0,0.0,0.4953846153846154,1.0,0.0,0.0,0.6098559728890144,1.0,0.0447246923716826,0.0,0,0
Employer,AddressLine2,0.0,0.0,0.0,0.0,0.4953846153846154,1.0,0.0,0.0,0.6069421023046655,0.0,0.0447246923716826,0.0,0,0
Employer,PostalCode,0.0,0.0,0.0,0.0,0.3551515151515151,1.0,0.0,0.0,0.6035494689770822,0.0,0.0600015938328254,0.0,0,0
Employer,City,0.0,0.0,0.0,0.0,0.5,1.0,0.9469571305262492,1.0,0.0629775410974762,0.0,0.0490895213605806,0.0,0,0
Employer,State,0.0,0.0,0.0,0.0,0.5,1.0,0.0,0.0,0.0141236397314193,0.0,0.0482501311704079,0.0,0,0
Employer,Country,0.0,0.0,0.0,0.0,0.5428571428571429,1.0,0.0,0.0,0.0004630701551285,0.0,0.0556367648439275,0.0,0,0
Employer,Phone,0.0,0.0,0.0,0.0,0.5555555555555556,1.0,0.0,0.0,0.6071980880078729,1.0,0.05832281345248,0.0,0,0
Employer,Income,0.0,0.0,0.0,0.0,0.0333333333333333,1.0,0.0,0.0,0.6126241134751773,0.0,0.0564367838697235,0.0,0,0
Employer,NumberCars,0.0,0.0,0.0,0.0,0.0333333333333333,1.0,0.0,0.0,0.0013892104653855,0.0,0.0595545188617934,0.0,0,0
Employer,NumberChildren,0.0,0.0,0.0,0.0,0.0333333333333333,1.0,0.0,0.0,0.0013892104653855,0.0,0.0555864925082499,0.0,0,0
Employer,MaritalStatus,0.0,0.0,0.0,0.0,0.3551515151515151,1.0,0.0,0.0,0.0011576753878212,0.0,0.0444129188724756,0.0,0,0
Employer,Age,0.0,0.0,0.0,0.0,0.0333333333333333,1.0,0.0,0.0,0.0233850428339893,0.0,0.0496344529779345,0.0,0,0
Employer,CreditRating,0.0,0.0,0.0,0.0,0.0333333333333333,1.0,0.0,0.0,0.1275758277379023,0.0,0.0442776174006507,0.0,0,0
Employer,OwnOrRentFlag,0.0,0.0,0.0,0.0,0.6266666666666667,1.0,0.0,0.0,0.0006946052326927,0.0,0.0444129188724756,0.0,0,0
Employer,Employer,0.90453565,1.0,0.9583333,1.0,1.0,1.0,0.991336127082244,1.0,0.2313035424866867,0.0,0.1036498837218047,0.0,0,1
Employer,NumberCreditCards,0.0,0.0,0.0,0.0,0.0333333333333333,1.0,0.0,0.0,0.0025468858532067,0.0,0.0534437582773363,0.0,0,0
Employer,NetWorth,0.0,0.0,0.0,0.0,0.0333333333333333,1.0,0.0,0.0,0.6116697351649908,0.0,0.054098482625671,0.0,0,0
NumberCreditCards,AgencyID,0.0,0.0,0.0,0.0,0.0333333333333333,1.0,0.0,0.0,0.0014684287812041,0.0,0.0429681687039813,0.0,0,0
NumberCreditCards,LastName,0.0,0.0,0.0,0.0,0.0333333333333333,1.0,0.0,0.0,0.0014684287812041,0.0,0.0534437582773363,0.0,0,0
NumberCreditCards,FirstName,0.0,0.0,0.0,0.0,0.0333333333333333,1.0,0.0,0.0,0.0014684287812041,0.0,0.052839397340412,0.0,0,0
NumberCreditCards,MiddleInitial,0.0,0.0,0.0,0.0,0.0333333333333333,1.0,0.0,0.0,0.2115384615384615,0.0,0.0551896898728955,0.0,0,0
NumberCreditCards,Gender,0.0,0.0,0.0,0.0,0.0333333333333333,1.0,0.0,0.0,0.275,0.0,0.0548101395260348,0.0,0,0
NumberCreditCards,AddressLine1,0.0,0.0,0.0,0.0,0.0333333333333333,1.0,0.0,0.0,0.0015532335498446,0.0,0.0512763949173318,0.0,0,0
NumberCreditCards,AddressLine2,0.0,0.0,0.0,0.0,0.0333333333333333,1.0,0.0,0.0,0.0015458122540753,0.0,0.0512763949173318,0.0,0,0
NumberCreditCards,PostalCode,0.0,0.0,0.0,0.0,0.0333333333333333,1.0,0.0,0.0,0.0015371716042481,0.0,0.0522798038802969,0.0,0,0
NumberCreditCards,City,0.0,0.0,0.0,0.0,0.0333333333333333,1.0,0.0,0.0,0.0404411764705882,0.0,0.0564367838697235,0.0,0,0
NumberCreditCards,State,0.0,0.0,0.0,0.0,0.0333333333333333,1.0,0.0,0.0,0.180327868852459,0.0,0.0496344529779345,0.0,0,0
NumberCreditCards,Country,0.0,0.0,0.0,0.0,0.0333333333333333,1.0,0.0,0.0,0.1818181818181818,0.0,0.054098482625671,0.0,0,0
NumberCreditCards,Phone,0.0,0.0,0.0,0.0,0.0333333333333333,1.0,0.0,0.0,0.0015464642204414,0.0,0.0436824134476191,0.0,1,0
NumberCreditCards,Income,0.0,0.0,0.0,0.0,0.5943977591036416,1.0,0.0,0.0,0.0015602836879432,0.0,0.0494188470420851,0.0,0,0
NumberCreditCards,NumberCars,0.0,0.0,0.0,0.0,0.8917171717171717,1.0,1.0,0.0,0.5454545454545454,0.0,0.086530436512908,0.0,0,0
NumberCreditCards,NumberChildren,0.0,0.0,0.0,0.0,0.8158441558441558,1.0,1.0,1.0,0.5454545454545454,0.0,0.0760485891202141,0.0,0,0
NumberCreditCards,MaritalStatus,0.0,0.0,0.0,0.0,0.0333333333333333,1.0,0.0,0.0,0.4545454545454545,0.0,0.0595545188617934,0.0,0,0
NumberCreditCards,Age,0.0,0.0,0.0,0.0,0.6436363636363636,1.0,0.8539558746717628,0.0,0.1089108910891089,0.0,0.0445795801196113,0.0,0,0
NumberCreditCards,CreditRating,0.0,0.0,0.0,0.0,0.8206060606060606,1.0,0.0,0.0,0.0199637023593466,0.0,0.0696397189696632,0.0,0,0
NumberCreditCards,OwnOrRentFlag,0.0,0.0,0.0,0.0,0.0333333333333333,1.0,0.0,0.0,0.2727272727272727,0.0,0.0551896898728955,0.0,0,0
NumberCreditCards,Employer,0.0,0.0,0.0,0.0,0.0333333333333333,1.0,0.0,0.0,0.011011011011011,0.0,0.0534437582773363,0.0,0,0
NumberCreditCards,NumberCreditCards,0.9785714,1.0,0.9722222,1.0,1.0,1.0,0.9850475834656572,1.0,1.0,0.0,0.1035047714697333,0.0,1,1
NumberCreditCards,NetWorth,0.0,0.0,0.0,0.0,0.716,1.0,0.0,0.0,0.0015578529953264,0.0,0.0589835157829744,0.0,0,0
NetWorth,AgencyID,0.0,0.0,0.0,0.0,0.0333333333333333,1.0,0.0,0.0,0.7039751903016633,0.0,0.0459144282714874,0.0,0,0
NetWorth,LastName,0.0,0.0,0.0,0.0,0.0333333333333333,1.0,0.0,0.0,0.7039751903016633,0.0,0.054098482625671,0.0,0,0
NetWorth,FirstName,0.0,0.0,0.0,0.0,0.0333333333333333,1.0,0.0,0.0,0.7039751903016633,0.0,0.0531356527016494,0.0,0,0
NetWorth,MiddleInitial,0.0,0.0,0.0,0.0,0.0333333333333333,1.0,0.0,0.0,0.0048867587632741,0.0,0.0502013138855836,0.0,0,0
NetWorth,Gender,0.0,0.0,0.0,0.0,0.0333333333333333,1.0,0.0,0.0,0.0037590452025185,0.0,0.0564367838697235,0.0,0,0
NetWorth,AddressLine1,0.0,0.0,0.0,0.0,0.0333333333333333,1.0,0.0,0.0,0.665538953105911,1.0,0.0442776174006507,0.0,0,0
NetWorth,AddressLine2,0.0,0.0,0.0,0.0,0.0333333333333333,1.0,0.0,0.0,0.6687341415280519,0.0,0.0442776174006507,0.0,0,0
NetWorth,PostalCode,0.0,0.0,0.0,0.0,0.0333333333333333,1.0,0.0,0.0,0.6724931867305705,0.0,0.0522798038802969,0.0,0,0
NetWorth,City,0.0,0.0,0.0,0.0,0.0333333333333333,1.0,0.0,0.0,0.0255615073771262,0.0,0.0486424463895486,0.0,0,0
NetWorth,State,0.0,0.0,0.0,0.0,0.0333333333333333,1.0,0.0,0.0,0.0057325439338408,0.0,0.0578757384814481,0.0,0,0
NetWorth,Country,0.0,0.0,0.0,0.0,0.0333333333333333,1.0,0.0,0.0,0.0001879522601259,0.0,0.0551896898728955,0.0,0,0
NetWorth,Phone,0.0,0.0,0.0,0.0,0.0333333333333333,1.0,0.0,0.0,0.668452213137863,0.0,0.0478030561993759,0.0,0,0
NetWorth,Income,0.0,0.0,0.0,0.0,0.781453634085213,1.0,0.9704394266122404,1.0,0.6625317169438962,0.0,0.0473855416124742,0.0,0,0
NetWorth,NumberCars,0.0,0.0,0.0,0.0,0.6311111111111112,1.0,0.0,0.0,0.0005638567803777,0.0,0.059856481580754,0.0,0,0
NetWorth,NumberChildren,0.0,0.0,0.0,0.0,0.623030303030303,1.0,0.0,0.0,0.0005638567803777,0.0,0.0618404947575258,0.0,0,0
NetWorth,MaritalStatus,0.0,0.0,0.0,0.0,0.0333333333333333,1.0,0.0,0.0,0.0004698806503148,0.0,0.0502013138855836,0.0,0,0
NetWorth,Age,0.0,0.0,0.0,0.0,0.6266666666666667,1.0,0.0,0.0,0.0094915891363593,0.0,0.0499364156968951,0.0,0,0
NetWorth,CreditRating,0.0,0.0,0.0,0.0,0.65,1.0,0.0,0.0,0.0517808476646931,0.0,0.0576740670863051,0.0,0,0
NetWorth,OwnOrRentFlag,0.0,0.0,0.0,0.0,0.0333333333333333,1.0,0.0,0.0,0.0002819283901888,0.0,0.0502013138855836,0.0,1,0
NetWorth,Employer,0.0,0.0,0.0,0.0,0.0333333333333333,1.0,0.0,0.0,0.093882153932901,0.0,0.054098482625671,0.0,0,0
NetWorth,NumberCreditCards,0.0,0.0,0.0,0.0,0.716,1.0,0.0,0.0,0.0010337374306926,0.0,0.0589835157829744,0.0,0,0
NetWorth,NetWorth,0.76842105,0.0,0.9583333,0.0,1.0,1.0,0.9843605470872826,0.0,0.6635654543745888,0.0,0.1035047714697333,0.0,1,1
